species,effluent_24h_avg,PNEC,RQ
CBZ,1.555270105059876e-16,0.0005,3.110540210119752e-13
DCF,2.701800429817772e-19,0.0001,2.701800429817772e-15
Phenol,2.097785682468254e-16,0.1,2.097785682468254e-15
