stage,BOD,COD,TOC,NH4,NO3,PO4,SS,Phenol,Formaldehyde,Glutaraldehyde,Detergent,Oils,Pb,CBZ,DCF,pH
IN,184.07164623592826,532.1629302211637,103.9430310236312,21.635025104915975,5.3959045787478805,5.277760475194448,315.7949302114902,0.316879622815467,0.1265878408640236,0.44067441062165535,0.5700210675277824,4.277460502705735,0.06230340863878343,0.002490698168839588,0.0018649692265028817,6.787914926646147
EQ,151.9725034033687,437.52364182432785,86.84299134999063,17.3640534544577,4.380566832105494,4.372491771942465,259.5493431710394,0.2649494579532121,0.10576138783270311,0.3649110459026019,0.4790065029945003,3.547944657985407,0.05085031097887098,0.0020714518728506322,0.0015194568302783387,6.802598852003878
MBR,42.283676128744226,221.12869213932504,46.77434798824874,10.28071984996958,6.642670391087714,2.9055400383962726,31.493609052243173,0.1556806929746357,0.05394483400587865,0.22640934759047307,0.3102601680714514,1.5394622963702667,0.039742876823228766,0.0016816306938257906,0.0010680413197135881,6.829067588519055
AOP,35.7407468405596,168.5559557471287,36.3467795021327,10.28071984996958,6.642670391087714,2.9055400383962726,31.493609052243173,0.08887872038031822,0.03543119780023135,0.15292443814881684,0.26223531520413634,1.3381921978253868,0.039742876823228766,0.0009333954352744428,0.0006631774048800234,6.839408857074503
OUT,35.7407468405596,86.10111901417572,0.0015565292373548624,10.28071984996958,6.642670391087714,2.9055400383962726,31.493609052243173,2.097785682468254e-16,0.03543119780023135,0.15292443814881684,2.614107132970162e-06,1.3381921978253868,0.039742876823228766,1.555270105059876e-16,2.701800429817772e-19,6.856964428148369
