species,effluent_24h_avg,PNEC,RQ
CBZ,5.730775229568669e-11,0.0005,1.1461550459137338e-07
DCF,7.419026794214746e-12,0.0001,7.419026794214746e-08
Phenol,1.3092656273759132e-09,0.1,1.3092656273759131e-08
